id,name,model_id:id,group_id:id,perm_read,perm_write,perm_create,perm_unlink
access_stage_request_student,access_stage_request_student,model_gestion_documents_stage_request,gestion_documents_stage.group_student,1,0,0,0
access_stage_request_responsable,access_stage_request_responsable,model_gestion_documents_stage_request,gestion_documents_stage.group_responsable,1,1,1,0
access_stage_request_admin,access_stage_request_admin,model_gestion_documents_stage_request,gestion_documents_stage.group_admin,1,1,1,1
access_document_stage_student,access_document_stage_student,model_gestion_documents_stage_document,gestion_documents_stage.group_student,1,0,0,0
access_document_stage_responsable,access_document_stage_responsable,model_gestion_documents_stage_document,gestion_documents_stage.group_responsable,1,1,1,0
access_document_stage_admin,access_document_stage_admin,model_gestion_documents_stage_document,gestion_documents_stage.group_admin,1,1,1,1